{
    "se_resnet": {
        "accuracy": 57.99999999999999,
        "f1_macro": 53.39032121366218,
        "f1_weighted": 53.390321213662176
    }
}